,0
f0000_14,344
f0001_41,372
f0005_26,316
f0006_12,342
f0008_45,376
f0011_13,383
f0014_19,340
f0016_39,281
f0017_07,382
f0022_10,301
f0023_08,376
f0029_05,222
f0030_12,256
f0031_02,366
f0032_27,250
f0034_08,339
f0035_19,375
f0036_39,346
f0037_16,363
f0038_42,312
f0039_14,336
f0040_25,338
f0041_30,322
f0042_43,297
f0043_10,297
f0048_00,118
f0049_32,354
f0052_42,196
f0054_14,385
f0055_09,336
f0058_07,312
f0059_21,325
f0062_25,351
f0064_04,320
f0065_00,341
f0066_37,385
f0067_25,228
f0068_00,317
f0069_14,341
f0071_21,270
f0072_36,342
f0075_46,285
f0077_13,368
f0081_26,306
f0082_40,276
f0083_09,288
f0084_19,232
f0085_01,332
f0087_24,292
f0088_22,297
f0089_16,331
f0090_10,363
f0093_24,274
f0094_41,369
f0096_45,359
f0097_05,320
f0098_33,330
f0102_31,375
f0104_43,342
f0106_05,285
f0107_06,352
f0108_12,373
f0110_48,384
f0112_07,357
f0113_31,339
f0115_34,379
f0116_23,276
f0119_44,393
f0120_29,271
f0122_45,271
f0123_28,331
f0124_11,331
f0125_02,279
f0127_07,348
f0128_00,299
f0129_32,275
f0130_28,339
f0133_23,319
f0135_03,332
f0139_23,315
f0141_43,351
f0142_39,218
f0144_05,334
f0145_33,300
f0146_33,280
f0148_21,167
f0150_25,325
f0151_02,285
f0154_34,253
f0157_12,335
f0158_20,351
f0159_14,357
f0161_16,374
f0162_02,285
f0164_32,387
f0165_04,328
f0166_12,279
f0167_33,321
f0169_09,205
f0170_40,350
f0171_26,355
f0172_40,370
f0174_06,348
f0175_47,296
f0176_30,271
f0180_29,336
f0182_29,217
f0183_22,349
f0184_49,294
f0185_23,355
f0187_18,373
f0188_36,361
f0189_49,312
f0193_48,286
f0194_30,313
f0196_10,361
f0197_34,375
f0199_01,390
f0200_38,231
f0201_34,308
f0202_09,308
f0203_21,384
f0206_38,271
f0207_46,352
f0208_05,372
f0209_30,191
f0210_17,318
f0211_26,367
f0213_49,160
f0214_05,313
f0216_26,293
f0221_37,311
f0224_06,357
f0225_20,295
f0226_08,323
f0227_27,330
f0230_04,312
f0232_28,258
f0233_14,297
f0234_16,303
f0236_17,267
f0237_46,281
f0238_02,280
f0239_15,321
f0240_02,350
f0241_46,356
f0242_22,364
f0243_29,362
f0246_12,381
f0248_43,265
f0250_37,224
f0252_30,363
f0253_40,341
f0254_46,386
f0255_48,376
f0256_08,380
f0259_41,318
f0260_38,343
f0262_15,339
f0264_18,338
f0266_14,338
f0267_24,353
f0269_21,313
f0270_23,224
f0272_13,276
f0273_27,304
f0275_17,328
f0276_07,321
f0277_33,299
f0278_07,357
f0279_03,341
f0280_20,344
f0281_47,382
f0282_04,305
f0284_34,365
f0285_23,313
f0286_16,331
f0288_48,276
f0289_10,418
f0290_29,319
f0291_06,303
f0293_40,310
f0297_05,347
f0298_13,338
f0301_33,344
f0302_47,359
f0303_00,355
f0305_08,347
f0308_10,292
f0309_42,302
f0314_27,341
f0319_32,288
f0320_41,384
f0321_36,348
f0324_42,234
f0325_17,317
f0326_35,342
f0329_34,326
f0334_01,247
f0335_14,384
f0337_24,392
f0341_00,311
f0342_31,331
f0343_35,329
f0344_25,384
f0345_23,350
f0347_04,371
f0349_40,289
f0351_22,339
f0352_09,294
f0354_10,206
f0355_32,348
f0356_41,332
f0357_21,311
f0358_32,321
f0359_05,360
f0360_15,378
f0363_43,145
f0364_10,293
f0365_07,256
f0366_08,312
f0370_20,337
f0371_24,259
f0374_13,345
f0376_05,337
f0379_10,376
f0381_28,324
f0382_03,338
f0383_43,331
f0384_36,345
f0387_49,283
f0388_26,268
f0389_38,333
f0390_33,324
f0391_32,254
f0394_00,235
f0395_15,380
f0397_27,304
f0400_25,253
f0402_38,351
f0403_29,357
f0405_20,311
f0409_49,364
f0410_43,296
f0412_26,284
f0413_09,327
f0416_07,86
f0417_44,312
f0419_29,237
f0420_19,318
f0421_33,271
f0422_45,263
f0423_04,248
f0424_27,284
f0426_47,159
f0427_40,279
f0428_41,159
f0429_13,312
f0430_02,315
f0431_36,362
f0433_14,199
f0436_17,332
f0437_05,323
f0439_08,339
f0440_17,288
f0442_00,335
f0445_46,362
f0446_03,356
f0447_21,210
f0449_22,233
f0450_41,234
f0452_37,307
f0454_20,349
f0455_26,209
f0456_45,336
f0457_13,235
f0458_38,359
f0459_12,233
f0460_02,345
f0461_47,362
f0462_07,238
f0463_09,331
f0465_42,378
f0466_11,361
f0467_18,272
f0470_37,316
f0471_15,298
f0473_21,373
f0474_10,207
f0476_07,212
f0477_46,352
f0478_10,313
f0479_35,329
f0480_41,266
f0481_47,365
f0482_06,325
f0486_05,291
f0488_39,347
f0489_49,339
f0492_08,341
f0497_00,259
f0498_06,307
f0499_10,266
f0500_38,304
f0501_06,339
f0502_09,354
f0503_44,330
f0504_29,211
f0505_13,219
f0506_18,328
f0507_19,312
f0508_20,325
f0509_28,222
f0510_47,301
f0511_03,259
f0512_15,307
f0513_18,324
f0514_14,328
f0515_18,340
f0516_45,269
f0517_23,239
f0518_02,363
f0519_46,355
f0520_25,294
f0521_14,347
f0522_38,327
f0523_42,285
f0524_04,265
f0525_15,335
f0526_22,314
f0527_23,286
f0528_49,237
f0529_06,249
f0530_15,367
f0531_48,257
f0532_09,242
f0533_32,316
f0534_00,372
f0535_19,297
f0536_45,293
f0537_35,275
f0538_03,279
f0539_34,231
f0540_22,241
f0541_47,323
f0542_10,222
f0543_19,313
f0544_05,333
f0545_49,298
f0546_38,256
f0547_28,374
f0548_49,322
f0549_39,312
f0550_24,332
f0551_15,240
f0552_46,296
f0553_03,259
f0554_17,354
f0555_35,222
f0556_25,273
f0557_33,330
f0558_01,310
f0559_18,366
f0560_16,350
f0561_12,310
f0562_31,366
f0563_12,162
f0564_43,262
f0565_03,303
f0566_02,267
f0567_25,288
f0568_00,322
f0569_42,267
f0570_31,331
f0571_24,324
f0572_15,330
f0573_31,319
f0574_03,345
f0575_25,277
f0576_01,324
f0577_19,330
f0578_14,216
f0579_26,150
f0580_29,297
f0581_30,257
f0582_44,128
f0583_26,328
f0584_22,264
f0585_26,319
f0586_11,313
f0587_34,319
f0588_19,340
f0589_20,273
f0590_06,276
f0591_27,294
f0592_11,212
f0593_46,285
f0594_00,298
f0595_35,303
f0596_26,354
f0597_00,358
f0598_49,227
f0599_04,226
f0600_06,225
f0601_32,271
f0602_16,316
f0603_11,293
f0604_11,347
f0605_00,345
f0606_11,315
f0607_27,310
f0608_06,217
f0609_12,309
f0610_38,249
f0611_34,290
f0612_11,297
f0613_28,375
f0614_14,274
f0615_00,338
f0616_04,363
f0617_30,292
f0618_44,341
f0619_33,219
f0620_49,317
f0621_33,328
f0622_25,369
f0623_37,285
f0624_32,232
f0625_26,330
f0626_23,297
f0627_14,253
f0628_05,319
f0629_39,294
f0630_16,331
f0631_03,350
f0632_45,301
f0633_18,372
f0634_01,307
f0635_33,356
f0636_12,242
f0637_21,266
f0638_07,288
f0639_24,300
f0640_19,286
f0641_22,357
f0642_27,326
f0643_23,329
f0644_19,393
f0645_45,265
f0646_22,267
f0647_19,252
f0648_23,339
f0649_22,268
f0650_31,303
f0651_45,251
f0652_30,303
f0653_02,311
f0654_02,270
f0655_10,185
f0656_11,272
f0657_41,238
f0658_30,290
f0659_24,280
f0660_10,357
f0661_44,316
f0662_29,281
f0663_30,307
f0664_26,222
f0665_47,351
f0666_20,318
f0667_05,295
f0668_31,316
f0669_11,246
f0670_02,220
f0671_18,317
f0672_28,320
f0673_28,359
f0674_44,284
f0675_24,292
f0676_08,318
f0677_30,195
f0678_26,275
f0679_42,374
f0680_28,348
f0681_47,324
f0682_48,265
f0683_02,291
f0684_13,246
f0685_40,243
f0686_09,346
f0687_43,353
f0688_09,232
f0689_06,242
f0690_26,366
f0691_00,211
f0692_03,219
f0693_40,341
f0694_49,272
f0695_31,330
f0696_13,302
f0697_31,334
f0698_45,374
f0699_19,361
f0700_20,335
f0701_21,353
f0702_46,250
f0703_11,271
f0704_31,308
f0705_35,307
f0706_13,363
f0707_44,307
f0708_14,343
f0709_40,315
f0710_08,301
f0711_11,303
f0712_09,317
f0713_17,323
f0714_32,231
f0715_08,234
f0716_15,285
f0717_46,352
f0718_13,302
f0719_05,254
f0720_38,259
f0721_31,312
f0722_29,306
f0723_20,347
f0724_37,312
f0725_46,329
f0726_09,267
f0727_27,300
f0728_14,317
f0729_08,195
f0730_41,331
f0731_05,309
f0732_46,223
f0733_34,325
f0734_39,324
f0735_17,316
f0736_38,320
f0737_49,341
f0738_13,291
f0739_42,298
f0740_43,154
f0741_44,287
f0742_09,258
f0743_31,383
f0744_23,285
f0745_35,360
f0746_28,193
f0747_24,335
f0748_15,236
f0749_12,270
f0750_18,359
f0751_28,353
f0752_25,366
f0753_05,306
f0754_01,257
f0755_46,222
f0756_22,340
f0757_24,210
f0758_07,248
f0759_41,293
f0760_23,198
f0761_10,330
f0762_20,316
f0763_30,329
f0764_08,340
f0765_33,360
f0766_01,324
f0767_25,283
f0768_20,283
f0769_14,312
f0770_45,330
f0771_13,275
f0772_14,348
f0773_10,262
f0774_40,337
f0775_24,333
f0776_08,221
f0777_12,337
f0778_20,323
f0779_27,237
f0780_06,253
f0781_31,270
f0782_49,312
f0783_27,348
f0784_30,282
f0785_26,95
f0786_07,288
f0787_21,247
f0788_34,250
f0789_10,312
f0790_06,104
f0791_04,283
f0792_07,348
f0793_02,321
f0794_31,188
f0795_37,356
f0796_08,255
f0797_22,305
f0798_05,261
f0799_13,257
f0800_00,249
f0801_25,272
f0802_22,262
f0803_40,275
f0804_00,367
f0805_48,321
f0806_09,341
f0807_16,277
f0808_46,298
f0809_16,304
f0810_40,228
f0811_49,330
f0812_32,341
f0813_02,285
f0814_03,343
f0815_12,366
f0816_18,292
f0817_40,198
f0818_03,320
f0819_13,304
f0820_47,276
f0821_44,287
f0822_30,312
f0823_19,258
f0824_18,250
f0825_23,19
f0826_18,285
f0827_09,346
f0828_34,298
f0829_00,312
f0830_45,186
f0831_15,345
f0832_40,204
f0833_32,204
f0834_03,357
f0835_08,298
f0836_28,256
f0837_08,134
f0838_49,341
f0839_37,352
f0840_37,356
f0841_10,350
f0842_22,320
f0843_06,373
f0844_42,267
f0845_22,272
f0846_32,276
f0847_06,216
f0848_42,134
f0849_38,310
f0850_30,295
f0851_41,204
f0852_40,319
f0853_05,309
f0854_12,337
f0855_46,243
f0856_23,249
f0857_21,159
f0858_32,330
f0859_01,303
f0860_21,357
f0861_29,249
f0862_25,327
f0863_41,380
f0864_41,310
f0865_24,353
f0866_22,293
f0867_28,339
f0868_03,339
f0869_20,163
f0870_31,263
f0871_23,302
f0872_30,295
f0873_42,340
f0874_26,366
f0875_02,222
f0876_43,357
f0877_17,355
f0878_21,337
f0879_35,350
f0880_16,263
f0881_03,165
f0882_28,231
f0883_14,168
f0884_29,263
f0885_39,292
f0886_40,338
f0887_39,352
f0888_25,330
f0889_48,300
f0890_35,315
f0891_44,230
f0892_23,327
f0893_25,324
f0894_09,348
f0895_48,244
f0896_44,362
f0897_19,228
f0898_29,332
f0899_05,285
f0900_42,335
f0901_39,327
f0902_17,353
f0903_42,330
f0904_04,275
f0905_43,260
f0906_29,240
f0907_00,251
f0908_25,239
f0909_04,243
f0910_22,316
f0911_02,345
f0912_01,321
f0913_31,301
f0914_27,362
f0915_03,298
f0916_49,268
f0917_11,317
f0918_47,286
f0919_47,354
f0920_11,241
f0921_40,294
f0922_02,277
f0923_31,296
f0924_33,221
f0925_21,372
f0926_26,284
f0927_44,254
f0928_42,349
f0929_23,318
f0930_07,310
f0931_37,357
f0932_44,315
f0933_38,330
f0934_12,323
f0935_28,309
f0936_34,267
f0937_01,140
f0938_10,358
f0939_32,291
f0940_45,315
f0941_49,176
f0942_17,203
f0943_40,354
f0944_27,334
f0945_28,322
f0946_31,274
f0947_41,295
f0948_01,271
f0949_02,283
f0950_21,262
f0951_29,356
f0952_49,328
f0953_15,239
f0954_02,259
f0955_30,320
f0956_32,315
f0957_15,301
f0958_28,266
f0959_27,316
f0960_13,215
f0961_08,362
f0962_04,272
f0963_21,206
f0964_10,234
f0965_28,285
f0966_44,289
f0967_29,348
f0968_30,292
f0969_31,113
f0970_15,308
f0971_24,299
f0972_43,319
f0973_47,326
f0974_14,261
f0975_48,272
f0976_41,224
f0977_37,333
f0978_05,309
f0979_22,214
f0980_43,301
f0981_17,304
f0982_06,315
f0983_14,220
f0984_25,312
f0985_44,249
f0986_02,304
f0987_34,258
f0988_45,311
f0989_33,358
f0990_06,296
f0991_47,357
f0992_04,304
f0993_30,317
f0994_46,228
f0995_43,302
f0996_01,377
f0997_34,311
f0998_45,222
f0999_29,316
f1000_45,309
f1001_28,322
f1002_33,174
f1003_41,195
f1004_07,294
f1005_12,103
f1006_19,78
f1007_22,306
f1008_28,328
f1009_29,237
f1010_11,202
f1011_35,136
f1012_30,213
f1013_47,261
f1014_23,329
f1015_14,278
f1016_36,88
f1017_30,230
f1018_07,130
f1019_45,236
f1020_31,276
f1021_16,249
f1022_17,247
f1023_49,214
f1024_46,328
f1025_22,198
f1026_41,184
f1027_05,272
f1028_20,282
f1029_30,282
f1030_04,270
f1031_37,328
f1032_06,270
f1033_07,243
f1034_02,269
f1035_22,317
f1036_49,141
f1037_16,143
f1038_35,289
f1039_40,296
f1040_01,179
f1041_18,161
f1042_08,292
f1043_42,280
f1044_04,310
f1045_35,200
f1046_14,312
f1047_26,330
f1048_31,292
f1049_26,225
f1050_39,267
f1051_38,288
f1052_05,263
f1053_00,264
f1054_20,253
f1055_16,249
f1056_11,151
f1057_34,263
f1058_32,281
f1059_15,232
f1060_13,287
f1061_01,204
f1062_28,287
f1063_36,338
f1064_32,249
f1065_10,264
f1066_29,182
f1067_20,289
f1068_20,223
f1069_22,273
f1070_09,219
f1071_37,295
f1072_34,194
f1073_05,207
f1074_34,319
f1075_00,265
f1076_12,245
f1077_48,214
f1078_11,276
f1079_06,232
f1080_00,261
f1081_19,188
f1082_22,226
f1083_27,318
f1084_48,256
f1085_29,164
f1086_15,339
f1087_32,258
f1088_00,325
f1089_04,330
f1090_13,206
f1091_00,370
f1092_01,150
f1093_13,276
f1094_42,197
f1095_24,269
f1096_05,285
f1097_20,267
f1098_11,219
f1099_37,249
f1100_46,114
f1101_38,209
f1102_33,106
f1103_38,169
f1104_24,291
f1105_31,146
f1106_01,171
f1107_44,221
f1108_14,257
f1109_36,286
f1110_03,69
f1111_02,332
f1112_30,350
f1113_16,302
f1114_07,223
f1115_26,267
f1116_09,313
f1117_18,194
f1118_23,294
f1119_27,237
f1120_05,360
f1121_47,213
f1122_02,240
f1123_09,232
f1124_24,339
f1125_41,309
f1126_06,273
f1127_01,276
f1128_24,160
f1129_22,261
f1130_48,259
f1131_00,294
f1132_19,321
f1133_00,188
f1134_40,266
f1135_17,272
f1136_31,193
f1137_07,292
f1138_27,209
f1139_48,218
f1140_23,123
f1141_12,254
f1142_44,217
f1143_43,336
f1144_47,226
f1145_39,222
f1146_05,154
f1147_19,230
f1148_23,222
f1149_46,218
f1150_03,213
f1151_39,248
f1152_03,214
f1153_08,323
f1154_00,153
f1155_22,309
f1156_23,246
f1157_43,257
f1158_21,208
f1159_29,170
f1160_23,208
f1161_00,190
f1162_15,204
f1163_43,108
f1164_21,215
f1165_30,161
f1166_04,286
f1167_31,266
f1168_30,284
f1169_08,312
f1170_00,336
f1171_06,280
f1172_25,269
f1173_40,215
f1174_47,216
f1175_48,270
f1176_40,293
f1177_42,264
f1178_03,222
f1179_01,147
f1180_21,326
f1181_27,284
f1182_38,315
f1183_38,277
f1184_21,194
f1185_47,191
f1186_07,249
f1187_49,266
f1188_01,198
f1189_06,186
f1190_46,240
f1191_18,310
f1192_26,186
f1193_46,177
f1194_03,224
f1195_27,222
f1196_16,305
f1197_00,232
f1198_41,292
f1199_24,251
f1200_36,181
f1201_49,208
f1202_47,153
f1203_10,270
f1204_09,344
f1205_25,311
f1206_36,278
f1207_46,207
f1208_33,297
f1209_31,71
f1210_47,225
f1211_04,340
f1212_39,226
f1213_10,247
f1214_39,278
f1215_02,335
f1216_32,286
f1217_02,274
f1218_35,245
f1219_26,276
f1220_42,240
f1221_17,123
f1222_04,266
f1223_27,277
f1224_16,229
f1225_06,324
f1226_13,298
f1227_38,228
f1228_30,135
f1229_25,196
f1230_10,241
f1231_36,300
f1232_34,160
f1233_46,356
f1234_26,159
f1235_34,294
f1236_11,235
f1237_18,162
f1238_43,336
f1239_18,239
f1240_01,278
f1241_00,348
f1242_30,255
f1243_07,255
f1244_09,346
f1245_39,317
f1246_39,286
f1247_15,348
f1248_28,162
f1249_33,268
f1250_24,209
f1251_10,348
f1252_21,185
f1253_43,271
f1254_34,283
f1255_13,320
f1256_05,211
f1257_26,288
f1258_19,192
f1259_08,249
f1260_34,208
f1261_39,118
f1262_42,243
f1263_18,280
f1264_37,237
f1265_03,209
f1266_29,302
f1267_20,231
f1268_12,241
f1269_14,123
f1270_28,286
f1271_05,160
f1272_09,277
f1273_29,283
f1274_24,221
f1275_19,270
f1276_10,342
f1277_02,359
f1278_22,282
f1279_31,244
f1280_21,89
f1281_28,304
f1282_39,356
f1283_24,238
f1284_38,214
f1285_45,258
f1286_47,187
f1287_40,282
f1288_23,164
f1289_06,271
f1290_49,234
f1291_26,228
f1292_22,241
f1293_37,249
f1294_12,297
f1295_00,230
f1296_02,204
f1297_30,123
f1298_29,282
f1299_42,152
f1300_41,196
f1301_47,392
f1302_15,113
f1303_05,250
f1304_45,272
f1305_42,262
f1306_03,192
f1307_25,168
f1308_43,168
f1309_08,164
f1310_44,243
f1311_39,268
f1312_23,301
f1313_04,259
f1314_29,271
f1315_48,251
f1316_31,168
f1317_00,213
f1318_17,267
f1319_00,166
f1320_38,191
f1321_40,224
f1322_16,147
f1323_11,303
f1324_40,243
f1325_20,289
f1326_12,285
f1327_05,289
f1328_01,240
f1329_29,317
f1330_35,253
f1331_49,191
f1332_24,240
f1333_48,248
f1334_00,230
f1335_30,262
f1336_30,235
f1337_29,197
f1338_02,314
f1339_22,252
f1340_02,248
f1341_45,312
f1342_17,277
f1343_32,212
f1344_45,220
f1345_41,313
f1346_08,152
f1347_06,158
f1348_27,86
f1349_00,231
f1350_18,316
f1351_29,246
f1352_27,260
f1353_42,186
f1354_22,303
f1355_03,232
f1356_29,240
f1357_25,294
f1358_13,132
f1359_45,243
f1360_32,295
f1361_36,253
f1362_31,258
f1363_19,273
f1364_24,246
f1365_16,216
f1366_49,287
f1367_00,200
f1368_03,176
f1369_36,380
f1370_48,223
f1371_21,198
f1372_35,309
f1373_33,223
f1374_18,246
f1375_23,265
f1376_43,270
f1377_09,151
f1378_08,254
f1379_47,210
f1380_34,260
f1381_00,240
f1382_07,338
f1383_16,219
f1384_42,117
f1385_36,294
f1386_19,96
f1387_23,236
f1388_41,143
f1389_01,133
f1390_10,219
f1391_35,355
f1392_44,323
f1393_25,339
f1394_16,312
f1395_14,286
f1396_07,192
f1397_09,296
f1398_48,187
f1399_06,182
f1400_25,312
f1401_36,217
f1402_17,281
f1403_42,241
f1404_39,143
f1405_35,247
f1406_38,237
f1407_18,213
f1408_02,243
f1409_25,266
f1410_19,135
f1411_01,261
f1412_36,315
f1413_14,308
f1414_16,240
f1415_37,277
f1416_00,168
f1417_14,263
f1418_02,189
f1419_11,139
f1420_00,321
f1421_27,172
f1422_18,301
f1423_05,213
f1424_45,289
f1425_23,334
f1426_27,196
f1427_16,309
f1428_25,287
f1429_14,175
f1430_10,252
f1431_47,255
f1432_44,93
f1433_36,285
f1434_10,243
f1435_38,317
f1436_39,210
f1437_23,264
f1438_26,236
f1439_27,285
f1440_10,235
f1441_43,244
f1442_28,327
f1443_09,304
f1444_03,305
f1445_31,312
f1446_25,252
f1447_28,231
f1448_42,327
f1449_22,292
f1450_34,317
f1451_24,222
f1452_02,202
f1453_47,276
f1454_12,222
f1455_14,299
f1456_41,276
f1457_23,277
f1458_19,298
f1459_30,199
f1460_02,168
f1461_46,206
f1462_01,271
f1463_23,213
f1464_23,186
f1465_32,241
f1466_48,267
f1467_22,195
f1468_04,187
f1469_25,239
f1470_34,304
f1471_42,255
f1472_37,348
f1473_30,327
f1474_13,231
f1475_14,195
f1476_39,105
f1477_37,252
f1478_41,273
f1479_40,184
f1480_24,295
f1481_35,316
f1482_39,326
f1483_44,290
f1484_21,266
f1485_22,309
f1486_35,233
f1487_45,232
f1488_27,195
f1489_03,181
f1490_31,246
f1491_42,273
f1492_06,284
f1493_36,267
f1494_41,321
f1495_32,118
f1496_39,217
f1497_28,302
f1498_08,211
f1499_12,125
f1500_25,128
f1501_00,144
f1502_33,102
f1503_02,115
f1504_10,132
f1505_21,135
f1506_35,137
f1507_20,134
f1508_14,120
f1509_45,110
f1510_28,156
f1511_41,150
f1512_39,125
f1513_07,106
f1514_35,148
f1515_36,159
f1516_46,140
f1517_35,96
f1518_07,130
f1519_36,150
f1520_07,158
f1521_17,132
f1522_45,150
f1523_03,96
f1524_26,144
f1525_00,150
f1526_31,146
f1527_46,161
f1528_18,158
f1529_23,138
f1530_18,157
f1531_34,120
f1532_16,148
f1533_23,159
f1534_32,159
f1535_20,140
f1536_05,160
f1537_32,133
f1538_15,131
f1539_20,158
f1540_20,159
f1541_40,152
f1542_30,93
f1543_08,150
f1544_46,152
f1545_40,128
f1546_05,157
f1547_06,151
f1548_21,97
f1549_10,114
f1550_34,150
f1551_34,158
f1552_32,126
f1553_24,125
f1554_25,143
f1555_23,150
f1556_19,60
f1557_00,148
f1558_21,132
f1559_25,161
f1560_15,153
f1561_30,143
f1562_13,146
f1563_24,131
f1564_43,140
f1565_04,154
f1566_38,151
f1567_20,156
f1568_21,150
f1569_23,143
f1570_40,115
f1573_06,114
f1574_26,159
f1575_36,162
f1576_04,93
f1577_15,141
f1578_22,108
f1579_11,155
f1580_14,115
f1581_39,141
f1582_49,151
f1583_41,162
f1584_28,151
f1585_06,152
f1586_22,142
f1587_05,139
f1588_11,149
f1589_38,149
f1590_15,149
f1591_47,146
f1592_44,127
f1593_46,132
f1594_09,123
f1595_34,143
f1596_10,133
f1597_45,135
f1598_49,83
f1599_48,134
f1600_43,147
f1601_01,157
f1602_35,151
f1603_40,128
f1604_07,150
f1605_44,150
f1606_19,136
f1607_17,95
f1608_37,150
f1609_27,146
f1610_32,153
f1611_08,138
f1612_47,145
f1613_27,155
f1614_22,147
f1615_41,102
f1616_04,157
f1617_41,155
f1618_39,148
f1619_37,150
f1620_12,130
f1621_46,92
f1622_16,150
f1623_09,125
f1624_03,142
f1625_05,140
f1626_27,135
f1627_25,156
f1628_45,139
f1629_49,158
f1630_21,157
f1631_40,155
f1632_39,139
f1633_35,155
f1634_38,142
f1635_40,154
f1636_00,120
f1637_03,132
f1638_14,147
f1639_38,98
f1640_48,152
f1641_09,132
f1642_04,137
f1643_46,154
f1644_01,160
f1645_35,159
f1646_33,96
f1647_28,159
f1648_00,135
f1649_03,160
f1650_05,140
f1651_06,161
f1652_11,149
f1653_02,132
f1654_46,155
f1655_34,102
f1656_24,147
f1657_06,130
f1658_04,143
f1659_04,139
f1660_07,139
f1661_05,144
f1662_01,159
f1663_13,138
f1664_04,137
f1665_00,107
f1666_45,130
f1667_29,148
f1668_08,129
f1669_41,150
f1670_20,153
f1671_40,100
f1672_35,116
f1673_32,132
f1674_35,106
f1675_40,90
f1676_30,157
f1677_01,139
f1678_19,155
f1679_05,152
f1680_37,141
f1681_44,154
f1682_10,145
f1683_30,153
f1684_08,151
f1685_23,134
f1686_01,101
f1687_40,119
f1688_24,145
f1689_07,156
f1690_24,152
f1691_07,134
f1692_18,146
f1693_00,149
f1694_17,143
f1695_12,150
f1696_08,135
f1697_45,140
f1698_35,143
f1699_42,141
f1700_36,148
f1701_10,141
f1702_13,158
f1703_29,142
f1704_29,158
f1705_41,160
f1706_39,135
f1707_05,127
f1708_22,135
f1709_03,152
f1710_15,141
f1711_35,125
f1712_10,158
f1713_02,127
f1714_49,147
f1715_20,154
f1716_48,106
f1717_16,124
f1718_29,144
f1719_12,146
f1720_48,150
f1721_26,158
f1722_43,158
f1723_34,46
f1724_42,143
f1725_33,22
f1726_01,35
f1727_36,16
f1728_02,159
f1729_47,152
f1730_21,144
f1731_34,78
f1732_28,155
f1733_23,92
f1734_48,138
f1735_22,145
f1736_04,134
f1737_09,128
f1738_42,157
f1739_23,160
f1740_04,153
f1741_16,144
f1742_04,158
f1743_33,116
f1744_39,157
f1745_36,124
f1746_28,134
f1747_44,117
f1748_30,160
f1749_23,78
f1750_06,159
f1751_08,128
f1752_29,155
f1753_34,153
f1754_35,104
f1755_46,141
f1756_07,60
f1757_24,144
f1758_36,149
f1759_19,115
f1760_27,142
f1761_43,139
f1762_28,154
f1763_25,141
f1764_25,130
f1765_33,150
f1766_41,145
f1767_34,45
f1768_48,151
f1769_04,140
f1770_47,138
f1771_46,115
f1772_12,107
f1773_18,141
f1774_40,157
f1775_42,159
f1776_35,146
f1777_29,123
f1778_11,138
f1779_01,147
f1780_04,113
f1781_48,139
f1782_05,119
f1783_34,93
f1784_17,140
f1785_07,148
f1786_08,113
f1787_36,135
f1788_32,99
f1789_37,115
f1790_11,128
f1791_04,148
f1792_12,156
f1793_33,116
f1794_07,116
f1795_30,154
f1796_21,134
f1797_27,131
f1798_42,132
f1799_27,159
f1800_08,150
f1801_01,157
f1802_35,97
f1803_09,141
f1804_32,122
f1805_13,135
f1806_29,159
f1807_08,143
f1808_13,116
f1809_16,121
f1810_02,150
f1811_11,125
f1812_15,156
f1813_25,135
f1814_24,125
f1815_44,152
f1816_24,105
f1817_18,146
f1818_11,131
f1819_37,141
f1820_17,151
f1821_24,147
f1822_45,148
f1823_43,133
f1824_18,144
f1825_06,133
f1826_01,141
f1827_17,144
f1828_25,106
f1829_17,114
f1830_16,145
f1831_15,87
f1832_47,139
f1833_03,160
f1834_16,138
f1835_27,109
f1836_34,159
f1837_00,159
f1838_49,134
f1839_31,132
f1840_35,151
f1841_05,157
f1842_34,151
f1843_09,131
f1844_38,141
f1845_02,148
f1846_45,140
f1847_26,141
f1848_43,145
f1849_46,152
f1850_16,111
f1851_06,122
f1852_35,149
f1853_42,150
f1854_17,89
f1855_37,159
f1856_37,139
f1857_48,122
f1858_21,110
f1859_39,96
f1860_06,120
f1861_26,153
f1862_37,155
f1863_44,141
f1864_10,145
f1865_30,134
f1866_14,107
f1867_44,125
f1868_06,117
f1869_07,122
f1870_30,156
f1871_04,143
f1872_07,105
f1873_22,134
f1874_36,156
f1875_21,160
f1876_22,114
f1877_30,129
f1878_33,123
f1879_44,132
f1880_06,131
f1881_37,125
f1882_40,121
f1883_03,146
f1884_05,151
f1885_29,157
f1886_18,147
f1887_23,125
f1888_11,123
f1889_05,159
f1890_28,146
f1891_18,130
f1892_07,146
f1893_26,132
f1894_39,139
f1895_37,157
f1896_13,140
f1897_40,157
f1898_09,116
f1899_19,106
f1900_12,152
f1901_07,137
f1902_10,134
f1903_48,130
f1904_33,141
f1905_23,141
f1906_16,155
f1907_22,149
f1908_49,149
f1909_43,125
f1910_05,141
f1911_44,111
f1912_13,151
f1913_37,129
f1914_02,104
f1915_00,116
f1916_32,153
f1917_19,157
f1918_04,103
f1919_17,96
f1920_09,147
f1921_33,155
f1922_38,137
f1923_42,90
f1924_29,138
f1925_00,145
f1926_49,138
f1927_01,148
f1928_20,117
f1929_04,143
f1930_02,159
f1931_49,86
f1932_09,132
f1933_13,143
f1934_10,125
f1935_07,124
f1936_06,155
f1937_04,130
f1938_21,130
f1939_13,124
f1940_28,141
f1941_44,162
f1942_21,162
f1943_00,145
f1944_40,98
f1945_00,153
f1946_25,132
f1947_49,144
f1948_41,138
f1949_20,130
f1950_08,150
f1951_19,158
f1952_17,132
f1953_17,158
f1954_31,158
f1955_30,140
f1956_19,148
f1957_41,141
f1958_33,118
f1959_39,129
f1960_26,158
f1961_34,122
f1962_12,148
f1963_27,159
f1964_32,146
f1965_23,27
f1966_31,116
f1967_21,105
f1968_09,155
f1969_24,46
f1970_32,150
f1971_12,144
f1972_15,123
f1973_24,132
f1974_21,44
f1975_00,114
f1976_25,147
f1977_23,71
f1978_04,148
f1979_36,122
f1980_17,121
f1981_44,126
f1982_16,113
f1983_00,129
f1984_28,44
f1985_18,144
f1986_20,148
f1987_47,144
f1988_11,139
f1989_45,138
f1990_33,42
f1991_47,143
f1992_08,42
f1993_19,152
f1994_21,144
f1995_29,39
f1996_12,147
f1997_00,148
f1998_10,155
f1999_37,155
f2000_40,159
f2001_42,148
f2002_29,135
f2003_18,146
f2004_29,139
f2005_01,120
f2006_31,141
f2007_45,112
f2008_26,139
f2009_39,124
f2010_38,155
f2011_41,138
f2012_46,149
f2013_19,141
f2014_07,148
f2015_08,137
f2016_39,144
f2017_03,152
f2018_05,143
f2019_34,150
f2020_16,133
f2021_30,148
f2022_38,160
f2023_12,123
f2024_20,134
f2025_00,149
f2026_32,154
f2027_41,30
f2028_18,121
f2029_03,130
f2030_28,142
f2031_31,115
f2032_22,98
f2033_24,154
f2034_14,119
f2035_49,151
f2036_29,160
f2037_06,139
f2038_08,142
f2039_13,132
f2040_47,96
f2041_22,141
f2042_30,149
f2043_25,120
f2044_20,37
f2045_15,157
f2046_26,36
f2047_48,96
f2048_19,94
f2049_38,132
f2050_45,142
f2051_15,153
f2052_11,161
f2053_20,147
f2054_13,138
f2055_31,142
f2056_40,104
f2057_23,134
f2058_01,134
f2059_42,153
f2060_18,151
f2061_12,131
f2062_39,123
f2063_00,110
f2064_33,141
f2065_28,139
f2066_29,155
f2067_38,65
f2068_36,149
f2069_42,96
f2070_11,108
f2071_28,159
f2072_32,144
f2073_06,157
f2074_03,127
f2075_09,145
f2076_31,151
f2077_16,96
f2078_03,140
f2079_27,137
f2080_34,102
f2081_42,142
f2082_26,151
f2083_33,142
f2084_07,143
f2085_02,158
f2086_25,151
f2087_13,140
f2088_14,153
f2089_25,133
f2090_00,124
f2091_28,152
f2092_41,153
f2093_26,153
f2094_44,120
f2095_37,95
f2096_00,147
f2097_31,82
f2098_02,147
f2099_21,101
f2100_97,160
f2101_62,133
f2102_52,148
f2103_60,159
f2104_50,162
f2105_51,92
f2106_66,159
f2107_53,145
f2108_54,134
f2109_65,150
f2110_56,164
f2111_87,155
f2112_65,159
f2113_94,163
f2114_50,155
f2115_77,148
f2116_72,155
f2117_54,135
f2118_60,155
f2119_56,159
f2120_61,133
f2121_67,131
f2122_65,164
f2123_63,153
f2124_66,140
f2125_64,157
f2126_57,141
f2127_59,147
f2128_52,140
f2129_55,159
f2130_74,161
f2131_73,161
f2132_69,146
f2133_68,141
f2134_58,140
f2135_53,159
f2136_68,125
f2137_90,121
f2138_72,152
f2139_75,127
f2140_77,150
f2141_85,154
f2142_69,159
f2143_66,158
f2144_67,159
f2145_89,116
f2146_84,149
f2147_79,159
f2148_78,159
f2149_81,128
f2150_52,146
f2151_92,138
f2152_98,132
f2153_90,113
f2154_77,143
f2155_59,154
f2156_56,154
f2157_61,151
f2158_68,121
f2159_53,153
f2160_96,158
f2161_58,151
f2162_62,143
f2163_51,145
f2164_60,161
f2165_54,133
f2166_63,159
f2167_65,154
f2168_66,141
f2169_69,123
f2170_68,132
f2171_70,135
f2172_67,158
f2173_74,150
f2174_61,152
f2175_59,134
f2176_64,142
f2177_57,104
f2178_93,163
f2179_58,159
f2180_96,158
f2181_63,156
f2182_95,148
f2183_59,156
f2184_98,155
f2185_57,162
f2186_55,154
f2187_54,132
f2188_71,147
f2189_50,154
f2190_52,161
f2191_53,161
f2192_56,143
f2193_99,159
f2194_63,154
f2195_64,146
f2196_58,148
f2197_62,127
f2198_58,161
f2199_64,128
f2200_55,150
f2201_80,156
f2202_76,124
f2203_77,145
f2204_78,159
f2205_74,132
f2206_73,129
f2207_75,132
f2208_81,147
f2209_79,149
f2210_96,156
f2211_73,147
f2212_74,145
f2213_72,160
f2214_70,162
f2215_69,126
f2216_66,156
f2217_71,162
f2218_51,132
f2219_62,140
f2220_72,137
f2221_70,156
f2222_84,150
f2223_83,159
f2224_82,162
f2225_86,114
f2226_85,164
f2227_89,142
f2228_87,158
f2229_88,141
f2230_67,136
f2231_55,144
f2232_76,118
f2233_79,155
f2234_78,158
f2235_81,151
f2236_83,138
f2237_82,160
f2238_86,144
f2239_84,150
f2240_80,153
f2241_88,154
f2242_91,159
f2243_87,141
f2244_94,152
f2245_95,158
f2246_93,148
f2247_97,133
f2248_68,122
f2249_75,123
f2250_52,149
f2251_74,129
f2252_75,150
f2253_73,157
f2254_72,131
f2255_70,162
f2256_71,145
f2257_69,152
f2258_85,161
f2259_68,154
f2260_57,135
f2261_76,155
f2262_83,150
f2263_79,161
f2264_82,153
f2265_80,148
f2266_81,140
f2267_78,137
f2268_88,164
f2269_89,152
f2270_87,141
f2271_86,139
f2272_85,148
f2273_84,159
f2274_95,148
f2275_90,145
f2276_91,143
f2277_92,157
f2278_93,125
f2279_94,163
f2280_57,150
f2281_52,164
f2282_53,139
f2283_59,154
f2284_51,157
f2285_54,152
f2286_50,143
f2287_60,156
f2288_58,141
f2289_62,155
f2290_64,159
f2291_65,163
f2292_70,154
f2293_68,150
f2294_71,153
f2295_67,131
f2296_73,153
f2297_69,150
f2298_74,156
f2299_91,150
f2300_52,145
f2301_65,158
f2302_58,140
f2303_66,162
f2304_67,136
f2305_60,160
f2306_63,147
f2307_62,133
f2308_56,159
f2309_54,120
f2310_51,145
f2311_61,157
f2312_87,142
f2313_55,158
f2314_53,146
f2315_59,152
f2316_50,142
f2317_76,141
f2318_78,151
f2319_77,154
f2320_75,156
f2321_84,147
f2322_80,159
f2323_81,158
f2324_84,152
f2325_86,152
f2326_83,160
f2327_90,142
f2328_92,150
f2329_94,105
f2330_95,142
f2331_93,123
f2332_97,150
f2333_98,150
f2334_99,148
f2335_52,159
f2336_99,159
f2337_71,150
f2338_70,141
f2339_76,158
f2340_80,160
f2341_65,161
f2342_82,153
f2343_83,158
f2344_86,105
f2345_87,159
f2346_88,151
f2347_58,143
f2348_56,152
f2349_78,119
f2350_98,150
f2351_74,159
f2352_97,145
f2353_70,153
f2354_87,159
f2355_85,159
f2356_86,150
f2357_70,148
f2358_71,155
f2359_72,150
f2360_75,146
f2361_74,157
f2362_73,143
f2363_77,156
f2364_65,140
f2365_62,149
f2366_64,139
f2367_63,136
f2368_50,155
f2369_56,159
f2370_67,159
f2371_68,153
f2372_55,146
f2373_53,133
f2374_59,162
f2375_61,160
f2376_57,161
f2377_66,155
f2378_69,155
f2379_68,147
f2380_76,152
f2381_54,139
f2382_52,160
f2383_60,157
f2384_51,148
f2385_83,145
f2386_82,150
f2387_81,153
f2388_79,156
f2389_86,153
f2390_87,141
f2391_85,156
f2392_80,161
f2393_90,159
f2394_84,159
f2395_78,149
f2396_91,153
f2397_92,146
f2398_51,151
f2399_85,153
f2400_61,126
f2401_78,159
f2402_75,164
f2403_71,147
f2404_70,153
f2405_90,152
f2406_72,168
f2407_74,153
f2408_73,146
f2409_51,159
f2410_85,151
f2411_88,155
f2412_86,157
f2413_87,159
f2414_89,164
f2415_79,141
f2416_80,151
f2417_81,155
f2418_82,154
f2419_83,159
f2420_84,163
f2421_86,104
f2422_85,120
f2423_88,155
f2424_90,154
f2425_91,156
f2426_87,135
f2427_89,153
f2428_96,158
f2429_95,160
f2430_92,159
f2431_93,135
f2432_94,161
f2433_75,150
f2434_59,139
f2435_57,144
f2436_53,139
f2437_50,149
f2438_76,147
f2439_77,129
f2440_79,139
f2441_83,138
f2442_81,153
f2443_80,107
f2444_84,148
f2445_82,146
f2446_88,161
f2447_93,150
f2448_94,159
f2449_96,123
f2450_56,150
f2451_68,151
f2452_69,143
f2453_70,155
f2454_73,159
f2455_72,155
f2456_71,132
f2457_97,162
f2458_53,159
f2459_55,157
f2460_52,150
f2461_99,152
f2462_98,157
f2463_79,141
f2464_74,147
f2465_75,162
f2466_76,152
f2467_77,160
f2468_78,156
f2469_50,153
f2470_80,162
f2471_82,156
f2472_83,139
f2473_81,163
f2474_84,161
f2475_66,155
f2476_67,160
f2477_69,165
f2478_68,124
f2479_65,155
f2480_61,135
f2481_58,158
f2482_62,153
f2483_64,152
f2484_76,158
f2485_77,159
f2486_95,134
f2487_92,120
f2488_90,148
f2489_89,127
f2490_91,153
f2491_71,134
f2492_72,147
f2493_99,154
f2494_73,157
f2495_59,158
f2496_56,152
f2497_54,161
f2498_75,156
f2499_74,143
f2500_50,141
f2501_53,159
f2502_59,148
f2503_57,153
f2504_69,81
f2505_79,142
f2506_77,145
f2507_78,152
f2508_71,152
f2509_53,157
f2510_55,158
f2511_52,163
f2512_54,158
f2513_56,155
f2514_50,159
f2515_57,155
f2516_59,155
f2517_63,158
f2518_67,150
f2519_67,158
f2520_64,160
f2521_66,147
f2522_61,157
f2523_65,158
f2524_58,127
f2525_62,157
f2526_71,154
f2527_72,159
f2528_69,151
f2529_70,150
f2530_91,165
f2531_92,154
f2532_93,164
f2533_94,149
f2534_96,157
f2535_60,155
f2536_59,160
f2537_57,159
f2538_60,163
f2539_96,143
f2540_95,164
f2541_99,156
f2542_55,150
f2543_98,157
f2544_53,150
f2545_52,154
f2546_62,148
f2547_96,155
f2548_84,156
f2549_82,113
f2550_79,146
f2551_80,158
f2552_82,149
f2553_92,130
f2554_55,146
f2555_88,161
f2556_97,147
f2557_98,156
f2558_96,140
f2559_95,112
f2560_93,152
f2561_89,162
f2562_90,159
f2563_91,145
f2564_59,138
f2565_57,141
f2566_51,159
f2567_60,150
f2568_54,158
f2569_58,159
f2570_52,155
f2571_62,151
f2572_63,153
f2573_61,160
f2574_64,154
f2575_67,125
f2576_66,157
f2577_65,159
f2578_68,159
f2579_76,159
f2580_69,150
f2581_72,159
f2582_70,152
f2583_71,119
f2584_73,162
f2585_74,152
f2586_75,158
f2587_73,153
f2588_72,150
f2589_78,122
f2590_60,147
f2591_70,164
f2592_71,133
f2593_72,150
f2594_90,160
f2595_89,155
f2596_86,148
f2597_88,141
f2598_92,131
f2599_91,129
f3100_44,157
f3101_07,156
f3102_36,161
f3103_38,164
f3104_25,150
f3105_03,148
f3106_05,159
f3107_16,156
f3108_34,162
f3109_30,159
f3110_25,164
f3111_05,161
f3112_45,148
f3113_40,153
f3114_13,149
f3115_25,153
f3116_03,146
f3117_11,163
f3118_09,167
f3119_39,149
f3120_04,157
f3121_43,146
f3122_40,159
f3123_42,163
f3124_21,163
f3125_02,153
f3126_20,160
f3127_16,162
f3128_15,160
f3129_16,145
f3130_44,159
f3131_11,155
f3132_12,159
f3133_33,163
f3134_27,159
f3135_37,164
f3136_07,160
f3137_47,161
f3138_46,159
f3139_09,157
f3140_49,157
f3141_36,158
f3142_38,161
f3143_04,163
f3144_39,161
f3145_38,161
f3146_14,147
f3147_41,162
f3148_21,154
f3149_41,140
f3150_21,162
f3151_13,150
f3152_47,163
f3153_49,156
f3154_48,154
f3155_15,159
f3156_26,158
f3157_23,150
f3158_03,161
f3159_16,160
f3160_19,158
f3161_02,159
f3162_20,165
f3163_24,161
f3164_09,162
f3165_11,165
f3166_12,157
f3167_45,145
f3168_20,159
f3169_14,163
f3170_08,159
f3171_30,159
f3172_42,130
f3173_48,156
f3175_03,132
f3176_15,155
f3177_03,162
f3178_23,153
f3179_39,149
f3180_41,128
f3181_10,141
f3182_40,143
f3183_15,161
f3184_11,159
f3185_38,153
f3186_24,151
f3187_33,160
f3188_47,155
f3189_40,151
f3190_08,155
f3191_43,155
f3192_37,160
f3193_08,163
f3194_31,165
f3195_04,150
f3196_35,164
f3197_34,161
f3198_32,162
f3199_08,160
f3200_41,153
f3201_07,155
f3202_01,149
f3203_10,160
f3204_15,148
f3205_40,154
f3206_45,150
f3207_05,157
f3208_06,154
f3209_08,163
f3210_22,164
f3211_20,155
f3212_36,162
f3213_04,163
f3214_03,158
f3215_34,159
f3216_33,153
f3217_28,162
f3218_23,160
f3219_49,160
f3220_48,160
f3221_05,151
f3222_24,152
f3223_18,126
f3224_05,148
f3225_26,161
f3226_21,143
f3227_14,158
f3228_48,162
f3229_48,160
f3230_21,164
f3231_19,151
f3232_11,155
f3233_02,148
f3234_23,159
f3235_00,152
f3236_26,146
f3237_27,141
f3238_40,159
f3239_36,140
f3240_48,97
f3241_49,159
f3242_19,141
f3243_44,159
f3244_38,147
f3245_09,132
f3246_06,151
f3247_40,161
f3248_19,163
f3249_21,166
f3250_14,159
f3251_33,153
f3252_32,164
f3253_11,164
f3254_32,103
f3255_43,144
f3256_38,150
f3257_17,141
f3258_46,159
f3259_15,161
f3260_09,156
f3261_00,159
f3262_45,134
f3263_08,160
f3264_06,160
f3265_08,162
f3266_12,155
f3267_41,157
f3268_37,157
f3269_06,132
f3270_11,151
f3271_09,159
f3272_48,146
f3273_45,157
f3274_27,165
f3275_40,164
f3276_49,165
f3277_09,159
f3278_33,137
f3279_28,160
f3280_34,163
f3281_27,157
f3282_28,153
f3283_17,163
f3284_38,146
f3285_15,161
f3286_40,159
f3287_41,145
f3288_23,162
f3289_18,162
f3290_01,163
f3291_47,128
f3292_31,150
f3293_30,148
f3294_06,159
f3295_35,143
f3296_35,101
f3297_22,157
f3298_12,159
f3299_12,162
f3300_25,161
f3301_38,140
f3302_29,159
f3303_31,160
f3304_23,165
f3305_28,164
f3306_39,153
f3307_33,146
f3308_03,151
f3309_37,155
f3310_44,150
f3311_03,151
f3312_28,145
f3313_11,155
f3314_25,157
f3315_23,149
f3316_22,150
f3317_25,140
f3318_25,158
f3319_48,142
f3320_18,153
f3321_36,164
f3322_40,164
f3323_10,159
f3324_05,164
f3325_08,160
f3326_06,156
f3327_11,164
f3328_45,155
f3329_30,160
f3330_43,158
f3331_20,160
f3332_19,158
f3333_15,165
f3334_16,143
f3335_15,154
f3336_15,152
f3337_21,165
f3338_15,150
f3339_15,140
f3340_15,145
f3341_29,161
f3342_24,163
f3343_18,160
f3344_26,150
f3345_12,162
f3346_12,150
f3347_47,160
f3348_00,152
f3349_22,155
f3350_11,145
f3351_27,162
f3352_39,159
f3353_33,144
f3354_29,163
f3355_36,163
f3356_11,165
f3357_06,156
f3358_28,152
f3359_42,154
f3360_00,159
f3361_17,159
f3362_03,159
f3363_42,122
f3364_36,159
f3365_46,162
f3366_32,158
f3367_07,159
f3368_37,157
f3369_37,154
f3370_37,161
f3371_34,162
f3372_23,157
f3373_36,159
f3374_38,159
f3375_30,163
f3376_29,156
f3377_11,140
f3378_44,153
f3379_03,164
f3380_04,159
f3381_42,136
f3382_25,161
f3383_24,161
f3384_26,144
f3385_08,155
f3386_27,163
f3387_42,159
f3388_36,155
f3389_44,154
f3390_07,163
f3391_40,164
f3392_06,164
f3393_08,146
f3394_37,162
f3395_44,165
f3396_07,161
f3397_12,153
f3398_06,154
f3399_09,150
f3400_08,160
f3401_42,163
f3402_08,162
f3403_48,154
f3404_40,160
f3405_07,159
f3406_49,152
f3407_40,158
f3408_47,155
f3409_20,130
f3410_19,159
f3411_09,163
f3412_27,149
f3413_34,150
f3414_29,155
f3415_33,161
f3416_28,161
f3417_01,155
f3418_34,144
f3419_33,164
f3420_27,166
f3421_31,166
f3422_32,152
f3423_29,147
f3424_24,146
f3425_47,152
f3426_23,138
f3427_21,164
f3428_02,160
f3429_41,162
f3430_38,164
f3431_32,165
f3432_38,154
f3433_10,155
f3434_00,162
f3435_24,150
f3436_22,150
f3437_17,164
f3438_08,160
f3439_44,163
f3440_33,159
f3441_24,151
f3442_00,154
f3443_42,155
f3444_07,164
f3445_01,159
f3446_10,156
f3447_20,161
f3448_15,153
f3449_11,165
f3450_19,159
f3451_01,138
f3452_13,152
f3453_15,161
f3454_44,162
f3455_32,154
f3456_33,166
f3457_40,127
f3458_26,162
f3459_46,164
f3460_47,161
f3461_23,162
f3462_15,140
f3463_16,153
f3464_12,152
f3465_24,148
f3466_22,162
f3467_12,155
f3468_13,159
f3469_10,159
f3470_24,158
f3471_02,152
f3472_19,133
f3473_21,164
f3474_05,157
f3475_09,160
f3476_46,153
f3477_45,161
f3478_49,141
f3479_08,163
f3480_48,159
f3481_39,158
f3482_33,151
f3483_16,159
f3484_17,157
f3485_45,154
f3486_00,159
f3487_02,151
f3488_35,156
f3489_38,143
f3490_39,144
f3491_31,160
f3492_35,161
f3493_27,168
f3494_34,161
f3495_01,168
f3496_38,147
f3497_42,150
f3498_04,158
f3499_36,156
f3500_08,159
f3501_06,161
f3502_45,164
f3503_07,163
f3504_46,162
f3505_39,162
f3506_22,144
f3507_42,155
f3508_31,163
f3509_42,147
f3510_43,158
f3511_46,158
f3512_31,134
f3513_47,159
f3514_20,159
f3515_26,137
f3516_45,158
f3517_27,150
f3518_46,164
f3519_18,129
f3520_45,164
f3521_09,147
f3522_46,163
f3523_31,151
f3524_43,161
f3525_29,145
f3526_34,153
f3527_33,164
f3528_35,159
f3529_11,160
f3530_32,158
f3531_27,150
f3532_39,162
f3533_31,159
f3534_47,151
f3535_09,159
f3536_49,154
f3537_23,137
f3538_29,124
f3539_44,159
f3540_36,157
f3541_02,158
f3542_00,148
f3543_29,160
f3544_20,150
f3545_06,142
f3546_36,156
f3547_04,152
f3548_40,160
f3549_47,161
f3550_07,143
f3551_12,134
f3552_12,164
f3553_12,155
f3554_18,157
f3555_14,161
f3556_19,127
f3557_12,150
f3558_12,154
f3559_23,132
f3560_17,160
f3561_09,155
f3562_47,150
f3563_46,161
f3564_08,158
f3565_45,146
f3566_36,113
f3567_49,158
f3568_48,156
f3569_18,158
f3570_15,153
f3571_20,147
f3572_03,136
f3573_02,136
f3574_30,134
f3575_04,149
f3576_04,164
f3577_03,164
f3578_27,163
f3579_30,164
f3580_22,160
f3581_23,163
f3582_25,160
f3583_09,165
f3584_47,154
f3585_49,163
f3586_05,153
f3587_27,161
f3588_33,162
f3589_24,163
f3590_03,158
f3591_14,157
f3592_19,155
f3593_26,161
f3594_23,150
f3595_18,131
f3596_19,153
f3597_18,162
f3598_35,162
f3599_19,145
f3600_46,159
f3601_49,157
f3602_12,134
f3603_14,157
f3604_21,150
f3605_17,163
f3606_19,121
f3607_15,137
f3608_13,162
f3609_24,163
f3610_45,159
f3611_14,164
f3612_13,158
f3613_20,123
f3614_06,158
f3615_49,162
f3616_07,152
f3617_43,142
f3618_26,153
f3619_19,141
f3620_07,151
f3621_14,164
f3622_43,154
f3623_42,142
f3624_44,153
f3625_17,155
f3626_35,130
f3627_46,162
f3628_27,154
f3629_19,155
f3630_14,150
f3631_34,155
f3632_10,133
f3633_29,159
f3634_16,156
f3635_09,139
f3636_24,123
f3637_45,155
f3638_42,159
f3639_43,164
f3640_13,147
f3641_13,150
f3642_03,88
f3643_29,150
f3644_26,154
f3645_14,138
f3646_15,151
f3647_13,150
f3648_17,155
f3649_28,164
f3650_20,143
f3651_18,157
f3652_48,149
f3653_40,143
f3654_03,159
f3655_18,152
f3656_42,144
f3657_40,156
f3658_27,143
f3659_25,145
f3660_26,141
f3661_19,136
f3662_24,157
f3663_13,152
f3664_18,140
f3665_22,152
f3666_48,148
f3667_35,164
f3668_33,162
f3669_35,154
f3670_40,151
f3671_04,150
f3672_20,160
f3673_48,160
f3674_32,162
f3675_24,159
f3676_37,157
f3677_29,154
f3678_17,162
f3679_06,159
f3680_36,164
f3681_31,138
f3682_45,156
f3683_06,158
f3684_46,163
f3685_08,161
f3686_49,164
f3687_48,155
f3688_07,151
f3689_09,153
f3690_41,151
f3691_47,143
f3692_49,161
f3693_03,146
f3694_44,141
f3695_42,162
f3696_44,92
f3697_32,161
f3698_01,149
f3699_41,149
f3700_25,160
f3701_44,157
f3702_47,152
f3703_10,141
f3704_45,83
f3705_48,112
f3706_37,164
f3707_32,158
f3708_28,164
f3709_31,159
f3710_43,158
f3711_08,141
f3712_14,164
f3713_40,155
f3714_05,151
f3715_44,135
f3716_43,162
f3717_48,159
f3718_40,160
f3719_06,159
f3720_15,113
f3721_04,160
f3722_39,161
f3723_03,159
f3724_32,154
f3725_39,153
f3726_09,139
f3727_12,153
f3728_28,146
f3729_27,162
f3730_33,154
f3731_07,138
f3732_30,160
f3733_48,163
f3734_01,158
f3735_09,151
f3736_09,161
f3737_46,151
f3738_16,150
f3739_34,144
f3740_01,143
f3741_12,142
f3742_12,136
f3743_12,154
f3744_12,159
f3745_12,154
f3746_12,159
f3747_12,97
f3748_29,157
f3749_27,158
f3750_00,159
f3751_39,161
f3752_35,161
f3753_43,159
f3754_42,153
f3755_33,153
f3756_06,159
f3757_19,161
f3758_19,158
f3759_43,152
f3760_06,138
f3761_12,146
f3762_40,141
f3763_41,148
f3764_37,158
f3765_44,161
f3766_48,146
f3767_45,153
f3768_02,159
f3769_10,151
f3770_21,150
f3771_15,164
f3772_10,164
f3773_14,159
f3774_21,154
f3775_12,159
f3776_05,150
f3777_32,158
f3778_23,150
f3779_49,160
f3780_30,160
f3781_28,155
f3782_00,157
f3783_47,164
f3784_14,119
f3785_26,140
f3786_04,153
f3787_15,154
f3788_14,151
f3789_16,152
f3790_48,162
f3791_09,146
f3792_21,147
f3793_06,137
f3794_17,140
f3795_00,149
f3796_14,135
f3797_07,93
f3798_08,150
f3799_11,158
f3800_17,136
f3801_00,158
f3802_05,143
f3803_39,142
f3804_08,156
f3805_07,159
f3806_01,153
f3807_11,164
f3808_45,150
f3809_17,160
f3810_05,132
f3811_12,162
f3812_06,148
f3813_08,134
f3814_43,161
f3815_34,157
f3816_24,156
f3817_22,150
f3818_27,157
f3819_19,132
f3820_39,97
f3821_06,155
f3822_47,162
f3823_46,161
f3824_05,163
f3825_12,150
f3826_07,137
f3827_08,150
f3828_24,163
f3829_26,150
f3830_48,144
f3831_41,155
f3832_04,162
f3833_03,126
f3834_35,164
f3835_39,158
f3836_27,162
f3837_30,159
f3838_46,164
f3839_11,137
f3840_05,162
f3841_01,159
f3842_45,133
f3843_30,161
f3844_11,155
f3845_39,153
f3846_02,147
f3847_24,159
f3848_28,164
f3849_21,153
f3850_20,159
f3851_19,148
f3852_32,158
f3853_22,155
f3854_08,150
f3855_47,144
f3856_34,141
f3857_01,157
f3858_25,164
f3859_23,156
f3860_20,154
f3861_21,162
f3862_40,161
f3863_30,147
f3864_42,158
f3865_26,164
f3866_43,132
f3867_42,150
f3868_35,155
f3869_23,159
f3870_03,151
f3871_42,159
f3872_39,165
f3873_37,165
f3874_15,154
f3875_35,155
f3876_02,162
f3877_11,153
f3878_43,150
f3879_35,159
f3880_29,143
f3881_31,141
f3882_22,125
f3883_18,160
f3884_40,153
f3885_04,162
f3886_02,154
f3887_39,161
f3888_32,132
f3889_26,152
f3890_40,163
f3891_31,160
f3892_07,161
f3893_01,147
f3894_37,149
f3895_38,160
f3896_07,148
f3897_45,156
f3898_28,160
f3899_30,159
f3900_35,158
f3901_45,85
f3902_40,160
f3903_05,150
f3904_45,137
f3905_45,150
f3906_44,164
f3907_43,151
f3908_41,159
f3909_46,151
f3910_30,151
f3911_34,158
f3912_15,160
f3913_01,150
f3914_30,163
f3915_05,151
f3916_23,159
f3917_03,157
f3918_03,185
f3919_18,160
f3920_08,119
f3921_41,156
f3922_38,145
f3923_00,150
f3924_24,155
f3925_41,157
f3926_17,157
f3927_00,157
f3928_39,152
f3929_28,122
f3930_25,156
f3931_13,139
f3932_35,150
f3933_30,160
f3934_45,145
f3935_48,155
f3936_41,154
f3937_40,153
f3938_46,151
f3939_49,163
f3940_26,151
f3941_08,150
f3942_06,164
f3943_12,161
f3944_02,121
f3945_00,162
f3946_04,157
f3947_36,158
f3948_41,145
f3949_09,159
f3950_44,152
f3951_33,154
f3951_47,117
f3952_40,154
f3953_28,157
f3954_30,164
f3955_03,159
f3956_26,147
f3957_18,155
f3958_42,161
f3960_19,165
f3961_03,151
f3962_36,156
f3963_34,163
f3964_40,145
f3965_14,145
f3966_01,157
f3967_43,132
f3968_18,159
f3969_02,159
f3970_25,164
f3971_41,156
f3972_19,152
f3973_27,158
f3974_03,159
f3975_15,159
f3976_36,160
f3977_39,161
f3978_35,150
f3979_36,152
f3980_34,144
f3981_38,157
f3982_48,149
f3983_27,141
f3984_32,156
f3985_04,159
f3986_31,159
f3987_13,162
f3988_14,149
f3989_21,156
f3990_02,159
f3991_38,155
f3992_46,122
f3993_05,162
f3994_27,152
f3995_18,121
f3996_02,141
f3997_45,151
f3998_40,151
f3999_42,137
f4000_40,162
f4001_45,160
f4002_46,163
f4003_07,143
f4004_35,161
f4005_01,163
f4006_12,159
f4007_21,162
f4008_34,141
f4009_27,145
f4010_12,146
f4011_12,162
f4012_13,154
f4013_32,162
f4014_43,149
f4015_05,149
f4016_16,157
f4017_11,141
f4018_10,163
f4019_00,152
f4020_15,162
f4021_01,162
f4022_12,121
f4023_00,150
f4024_12,156
f4025_17,161
f4026_43,162
f4027_34,149
f4028_44,156
f4029_29,158
f4030_29,140
f4031_33,157
f4032_33,153
f4033_05,152
f4034_28,159
f4035_29,155
f4036_01,160
f4037_48,156
f4038_15,149
f4039_48,145
f4040_28,157
f4041_39,162
f4042_33,150
f4043_08,69
f4044_44,142
f4045_31,155
f4046_46,144
f4047_15,165
f4048_24,137
f4049_18,164
f4050_05,123
f4051_49,141
f4052_33,150
f4053_14,135
f4054_12,137
f4055_44,158
f4056_41,161
f4057_40,158
f4058_09,140
f4059_48,156
f4060_46,152
f4061_16,150
f4062_17,160
f4063_09,149
f4064_46,96
f4065_47,150
f4066_22,159
f4067_23,163
f4068_21,140
f4069_03,153
f4070_43,143
f4071_32,149
f4072_44,158
f4073_38,159
f4074_12,125
f4075_12,164
f4076_42,160
f4077_42,150
f4078_05,159
f4079_43,136
f4080_22,156
f4081_24,163
f4082_29,149
f4083_30,141
f4084_14,146
f4085_42,123
f4086_36,127
f4087_40,132
f4088_26,159
f4089_12,151
f4090_35,129
f4091_23,146
f4092_24,134
f4093_35,126
f4094_49,129
f4095_43,150
f4096_14,158
f4097_41,130
f4098_19,132
f4099_10,156
